comment_id,video_id,text_original,text_final,sentiment
Ugzf3vaWgnLcnBuDkS14AaABAg,F6fgLwUeeqI,Yang menolak ruu TNI dan demo fix mereka Dungu hahahaha😅😂😅😂😅😂😅😂😅😂😅😂😅😂😅😂😅😂😅😂😅😂,tolak ruu_tni demo bodoh emo_other emo_laugh emo_other emo_laugh emo_other emo_laugh emo_other emo_laugh emo_other emo_laugh emo_other emo_laugh emo_other emo_laugh emo_other emo_laugh emo_other emo_laugh emo_other emo_laugh emo_other emo_laugh,positif
UgwRndVokPB_34gJszB4AaABAg,sg8Mzx0fZbU,"Kalo saya sih sangat setuju sekali bila TNI ambil bagian dipengaman masyarakat..kita lihat aja selama ini masyarakat udah gak punya aturan lagi seakan-akan,bila TNI bergerak semua aman sentosa.. BRAVO TNI",sangat setuju sekali bila tni ambil kam masyarakat lihat lama masyarakat sudah tidak punya atur bila tni gerak aman sentosa bravo tni,positif
UgzHDU30VPRSMo37hhl4AaABAg,7CLZkPwhEG4,"Sepertinya dari dulu inilah yg di takutkan kelompok bersenjata yg ingin merdeka dan berdiri sendiri seperti GAM,KKB DLL yg menentang wewenang pemerintah negara yg semakin tidak masuk logika😂😅😅😂😅😂😅😂😅",takut kelompok senjata merdeka diri gam kkb wewenang pemerintah negara semakin tidak masuk logika emo_laugh emo_other emo_laugh emo_other emo_laugh emo_other emo_laugh emo_other,positif
UgzpHmW2Qq99wWiYSLp4AaABAg,7CLZkPwhEG4,"saya sangat setuju  RUU TNi di sah kan, karena TNi itu   pembela NKRi No 1 . dan pasti mnjadi aman , Geng .otor , BegaL , rampok  , Preman2 mjadi t
akut brbuat jahat .",sangat setuju ruu_tni sah tni bela nkri no mnjadi aman geng otor begal rampok preman preman mjadi akut brbuat jahat,positif
Ugx8mxiG0o8VTtHJ0Np4AaABAg,7CLZkPwhEG4,Sangat setuju biar preman preman yang meresahkan masarakat takut biar negara aman dan gak afa keonaran lagi,sangat setuju preman preman resah masyarakat takut negara aman tidak afa onar,positif
UgzIN-eI7HWzIjwDQCx4AaABAg,sg8Mzx0fZbU,"GW SANGAT SETUJU UU TNI, BRAVO TNI INDOGNESIA",sangat setuju uu_tni bravo tni indognesia,positif
UgwVrW0hOTzPgyAvZ2p4AaABAg,7CLZkPwhEG4,Saya sangat setuju uu tni.... Bila perlu 60%dalam  lembaga sipil,sangat setuju uu_tni bila perlu lembaga sipil,positif
Ugz0_gM6aXJksV0hy-F4AaABAg,7CLZkPwhEG4,SANGAT SETUJU UU TNI DIBERKAKUKAN DI INDINESIA SIAPAPUN PRESIDENYA SEKARANG ATAU KE DEPAN,sangat setuju uu_tni kaku indinesia presidenya depan,positif
Ugz21x5CZihzdCaceEd4AaABAg.AFtJ2AUt78rAGB92wbfw9C,F6fgLwUeeqI,"@21.Buzzer2 palalu bau menyan,yang nolak RUU TNI dia adalah antek2 asing termasuk lu yang mau melemahkan pertahanan Indonesia dari dalam khususnya TNI dengan cara menyebarkan hoax,propaganda, adu domba dll karena negara asing terutama negara adidaya super power adikuasa resah akan kebijakan Presiden Prabowo Subianto mengenai hilirisasi di bidang pertambangan yang negara asing selama ini menikmati bahan mentah dari sumber daya alam milik Indonesia bukan bahan jadi,masuknya Indonesia ke BRICS saingan dari G8.tugas TNI dalam siber sangat penting karena ikut mengamankan objek vital negara terutama istana negara dari penyadapan negara asing yang pernah terjadi saat di era Presiden ke 6 SBY yang telpon beliau dan menteri2nya disadap oleh badan intelijen milik Australia selain mengamankan jalur komunikasi penting Presiden TNI juga mengamankan jalur komunikasinya objek vital militer yang bersifat strategis dari serangan cyber negara asing ataupun intelijen asing yang dimana setiap tahun terjadi serangan cyber yang masif dan gencar terhadap Indonesia bayangan jika negara asing terutama negara barat utamanya Paman Sam berhasil menghack semua jaringan internet dan jalur transportasi di Indonesia bisa dibayangkan akan banyak korban jiwa berjatuhan dari kalangan sipil dan militer perang sekarang bukan tembak tembakan menggunakan senjata tapi menggunakan siber atau cyber war contoh operasi khusus Rusia di Ukraina yang banyak melibatkan serangan siber untuk melumpuhkan jaringan komunikasi militer Ukraina untuk pemberantasan narkoba di Indonesia lihat lagi berita2 di tv baik di media cetak media masa dan elektronik mengenai penggagalan penyelundupan narkoba oleh jaringan narkoba internasional oleh TNI di daerah perbatasan Kalimatan dll yang menyelamatkan generasi muda dan mudi penerus bangsa dan negara Indonesia ini dari bahaya narkoba perlu lu ketahui jaringan narkoba internasional dan negara asing terutama negara barat Paman Sam akan terus mengirimkan anggota2 dari badan intelijen miliknya yaitu CIA dengan kedok sebagai agen tapi berkamuflase menjadi apa saja untuk menghancurkan generasi muda dan muda penerus bangsa dan negara Indonesia ini mungkin lu keluarga lu orang tua lu saudara2 lu saudara dari orang tua lu kalau lu udah berkeluarga saudara2 dari istri lu dari temen2lu anak2u lu perlu merasakan terkena atau terjerat narkoba dulu baru lu sadar",palalu bau menyan nolak ruu_tni antek antek asing masuk lemah tahan indonesia khusus tni cara sebar hoax propaganda adu domba negara asing utama negara adidaya super power adikuasa resah kebijakan presiden prabowo subianto kena hilir bidang tambang negara asing lama nikmat bahan mentah sumber daya alam milik indonesia bukan bahan masuk indonesia brics saing gb tugas tni siber sangat penting ikut aman objek vital negara utama istana negara sadap negara asing pernah era presiden sby telpon beliau menteri menteri sadap badan intelijen milik australia aman jalur komunikasi penting presiden tni aman jalur komunikasi objek vital militer sifat strategis serang cyber negara asing intelijen asing tahun terjad,positif
UgxyrNC75Zwdk_bu1f94AaABAg,7CLZkPwhEG4,"Rakyat kecil sangat setuju uu TNI ,yg banyak koruptor dr sipil  lk perlu kembalikan ordebaru",rakyat kecil sangat setuju uu_tni koruptor sipil lk perlu ordebaru,positif
UgzZkxUvpZi_Ufarprt4AaABAg,7CLZkPwhEG4,"ada 300 orang yang mendukung UU TNI di depan gedung DPR. ketika ditanyai alasannya kenapa, bisa mendukung UU TNI, mereka malah menjawab ""gatau"" kocak kocak",dukung uu_tni depan gedung dpr tanya alas dukung uu_tni malah jawab gatau kocak kocak,positif
UgzoYpQkxcqX63rIP_94AaABAg,KjXe214MfwQ,"isi ruu tni 3 pokok utama:
1. TNI bisaa masuk jabatan dalam 16 kementrian terkait dg pertahanan negara. aturan lama hanya 10 kementrian, di ruu baru ditambah 6. 
UU yang lama 10 tersebut: Koor bid polkam, pertahanan negara, setmilpres, intelijen negara,sandi negara, lemhanas, dewan pertahanan nasional, sar nasional, narkotika nasional, MA
6 penambahan RUU yang baru:
Pengamanan laut (bakamla), Penanganan bencana ( bnpb ), Penanganan Terorisme (bnpt), Kelautan dan perikanan, kejaksaan agung, dan pengelola perbatasan (bnpp)
selain yang 16 tersebut bisa saja tetapi harus pensiun dulu dr tni
2. Batas usia pensiun: bintara tamtama 55 tahun, perwira 58-62 th sesuai pangkat
3. kedudukan tni dibawah kemenhan: kedudukan tni dapat berada dibawah koordinasi kementrian pertahanan.
.
Dalam naskah hasil pembahasan per Sabtu (15/3), pemerintah mengusulkan penambahan tugas militer TNI di luar perang. Dalam UU sebelumnya, ada 14 tugas militer TNI di luar perang.

Dalam RUU terbaru, pemerintah mengusulkan tiga tugas baru. Pertama, TNI memiliki tugas untuk membantu dan menanggulangi ancaman siber. Kedua, TNI bisa membantu dan menyelamatkan WNI dan kepentingan nasional di luar negeri.

Ketiga, TNI memiliki wewenang untuk membantu menangani masalah penyalahgunaan narkotika.

ga ada di ruu itu yang mau mengaktifkan dwi fungsi abri seperti yang di besar besarkan.  sebelumnya aturan ini udah ada cuma dirubah sedikit.
jadi jangan bisanya kemakan hoax aja tanpa nyari tau.
intinya TNI hanya bisa mengurus hal yang berkaitan dg keamanan negara dan pertahanan negara",isi ruu_tni pokok utama tni masuk jabatan tri kait tahan negara atur lama tri ruu tambah uu lama sebut koor bid polkam tahan negara setmilpres intelijen negara sandi negara lemhanas dewan tahan nasional sar nasional narkotika nasional ma tambah ruu aman laut bakamla tangan bencana bnpb tangan terorisme bnpt laut ikan jaksa agung kelola batas bnpp sebut pensiun tni batas usia pensiun bintara tamtama tahun perwira tahun sesuai pangkat duduk tni bawah kemenhan duduk tni bawah koordinasi tri tahan naskah hasil bahas sabtu pemerintah usul tambah tugas militer tni luar perang uu belum tugas militer tni luar perang ruu pemerintah usul,positif
UgzH4WnIW7YonOvJGop4AaABAg,7CLZkPwhEG4,Memang begini lebih bagus.. untuk lebih mudah mengatur rakyat ini yg sdmnya rendah. Saya setuju dan sangat setuju... dan mungkin kedepannya mengutangi angka koruptor,memang lebih bagus lebih mudah atur rakyat sdmnya rendah setuju sangat setuju depan utang angka koruptor,positif
UgyAvlyhE01me0-xeZB4AaABAg,7CLZkPwhEG4,Saya masyarakat sipil sangat setuju sekali TNI bersatu dengan masyarakat sipil,masyarakat sipil sangat setuju sekali tni satu masyarakat sipil,positif
Ugw3pbbcYPVTQ1MiWkh4AaABAg.AG7o7Mc5L5kAG8Mk9GLTqB,sg8Mzx0fZbU,"masalahnya kita ini hampir di semua aspeknya bobrok. Kalo saling merajut dalam kebaikan dan terus memperbaiki walaupun ada yang kecolongan kayak yang lu sebutin itu jatohnya kek sebuah utopia di negara kita tercinta ini saking bobroknya keadaan aspek-aspek vital kita ini. Hampir semua aspek itu rata-rata nyari untung sendiri. Sekalinya ada yang mau melakukan tindakan demi kemaslahatan bersama, individu yang bersangkutan itu kemungkinan besar dijegal buat ngamanin posisi masing-masing. Yang atas egois, yang bawah juga egois.... ujung-ujungnya apa yang lu bilang ini selama berbagai aspek vital itu bobrok, itu semua gak ada bedanya ama mimpi utopia di tengah kejamnya realita. Analogi simpelnya apa yang lu omongin itu sama persis kek Mugen Tsukuyomi. Selama sistemnya belum diperbaiki, aspek-aspek vital yang bobroknya belum dibenahi dan rakyat-rakyatnya belum maju pemikirannya, apa yang lu bilang ini.... mohon maaf, gak ada bedanya ama narasi-narasi positif yang cuman jadi mimpi di siang bolong aja.",masalah aspek buruk saling rajut baik baik walaupun colong sebutin jatohnya buah utopia negara cinta saking buruk aspek aspek vital aspek rata rata nyari untung sekali melakukan tindak maslahat individu sangkut besar jegal ngamanin posisi atas egois bawah egois ujung ujung bilang lama bagai aspek vital buruk tidak beda mimpi utopia tengah kejam realita analogi simpel omongin persis mugen tsukuyomi lama sistem belum baik aspek aspek vital buruk belum benah rakyat rakyat belum maju pikir bilang mohon maaf tidak beda narasi narasi positif cuman mimpi siang bo,positif
UgxoD30HBREDz5VFE554AaABAg,F6fgLwUeeqI,"ruunya sudah benar, percaya sama pak praboowo",ruunya sudah benar percaya praboowo,positif
Ugwn4oShXG0Dn5cesz54AaABAg,KjXe214MfwQ,Lebah baik jaman orba...aku sangat setuju...😊😊,lebah baik jaman orde aku sangat setuju emo_other,positif
UgwtGlhAkYQMMYskV-t4AaABAg,sg8Mzx0fZbU,"Salut. Apalagi kalau kejadian 1998 di reka ulang. Aku sangat setuju, karna sistem bernegara ini sudah rusak. Jangan pernah pakai istilah terlanjur",salut 1998 reka ulang aku sangat setuju sistem negara sudah rusak jangan pernah pakai istilah lanjur,positif
UgxCt6JLFr5sQiuX66Z4AaABAg,KjXe214MfwQ,"Gpp malah bagus d bungkam semua nya drpd ngebacod koar2 demo2 anarkis gak guna, biar aman damai semua kek dulu, ormas2 radikal ama preman2 d lenyapkan",tidak malah bagus bungkam ngebacod koar koar demo demo anarkis tidak aman damai ormas ormas radikal preman preman lenyap,positif
UgwDHmbeWEi_-6MUu494AaABAg,KjXe214MfwQ,"buat yg butuh refrensi seperti apa RUU ini, mirip, china,korut,rusia 
hal positif nya, semuanya PRESIDEN yg ngatur, dan gw sangat setuju, karna klo yg ngatur DPR kek tai gini",butuh refrensi ruu mirip china korut rusia positif presiden atur sangat setuju atur dpr tai,positif
UgyKJgDEmsjc42NofAF4AaABAg,7CLZkPwhEG4,Kami rakyat sangat setuju biar TNI ada wibawahnya lagi TNI brapo💪💪💪,rakyat sangat setuju tni wibawahnya tni brapo emo_pos,positif
UgyC33q6cP6hnRjfYrd4AaABAg,7CLZkPwhEG4,untung nya banyak  ..percaya  saja  sama  pemerintah..optimis  indonesia  sukses  kedepan nya  Amin..🙏🙏🙏🙏🙏🙏🙏,untung percaya pemerintah optimis indonesia sukses depan amin emo_pos,positif
UgxtDbNlmWMaWBys20J4AaABAg,7CLZkPwhEG4,"Jaman ORBA itu militer berperan aktif di pemerintahan sangat banyak, dan akibatnya kami relatif sejahtera sebagai rakyat. Bahkan Indonesia mengalami suasembada pangan. Sekarang di era reformasi yang katanya tatanan pemerintahan semakin maju dan moder karena searah dengan demokrasi modern, malah korupsi merajalela dan kami rakyat semakin sulit mengakses 9 bahan pokok. Bahkan kalau ada harganya selangit. Di era reformasi yg katanya maju itu ada rakyat di Kupang  robek perutnya karena tidak bisa beli beras sebab BLT tidak ada. Jaman ORBA tidak ada itu rakyat yang robek perutnya karena tudak ada beras. Jadi bagi kami rakyat bukan soal supermasi militer atau sipil, itu tidak penting. Yang penting bagi kami supermasi kesejahteraan, dan ini baik militer atau sipil bisa lakukan itu. Jadi sebagai rakyat, mari kita sadar kawan-kawan jangan terbawa provokasi elit tertentu yang mengatasnamakan rakyat. Mereka itu tidak mampu bersaing dengan militer yang sudah terlatih menjadi patriot bangsa. Maju TNI...❤",jaman orde militer peran aktif pemerintahan sangat akibat relatif sejahtera rakyat bahkan indonesia alami suasembada pangan era reformasi kata tatanan pemerintahan semakin maju moder arah demokrasi modern malah korupsi rajalela rakyat semakin sulit akses bahan pokok bahkan harga langit era reformasi kata maju rakyat kupang robek perut tidak beli beras blt tidak jaman orde tidak rakyat robek perut tudak beras rakyat bukan soal supermasi militer sipil tidak penting penting supermasi sejahtera baik militer sipil laku rakyat sadar kawan kawan jangan bawa provokasi elit mengatasnamakan rakyat tidak saing militer sudah latih patriot bangsa maju tn,positif
UgxXtkvs7I-wvXeyzHR4AaABAg,sg8Mzx0fZbU,percaya pemerintah sama aja kaya percaya siput bisa terbang.,percaya pemerintah percaya siput terbang,positif
UgyrHI-3zPI5ZkCAsW14AaABAg,7CLZkPwhEG4,"Dalam RUU TNI terbaru, perwira TNI aktif dapat menjabat di 14 kementerian/lembaga (K/L) berikut:
1. Kantor Koordinator Bidang Politik Dan Keamanan ==> masih cocok. 
2. Kementerian Pertahanan, termasuk Dewan Pertahanan Nasional ==> masih cocok. 
3. Sekretariat Militer Presiden di bawah Kementerian Sekretariat negara ==> masih cocok. 
4. Badan Intelijen Negara ==> masih cocok. 
5. Badan Siber Dan/Atau Sandi Negara ==> masih cocok. 
6. Lembaga Ketahanan Nasional ==> masih cocok. 
7. Badan Search And Rescue (SAR) Nasional ==> masih cocok. 
8. Badan Narkotika Nasional ==> masih cocok. 
9. Mahkamah Agung ==> KURANG COCOK
10. Badan Nasional Pengelola Perbatasan (BNPP) ==> masih cocok. 
11. Badan Penanggulangan Bencana ==> masih cocok. 
12. Badan Penanggulangan Terorisme ==> masih cocok. 
13. Badan Keamanan Laut ==> masih cocok. 
14. Kejaksaan Republik Indonesia ==> KURANG COCOK

Untuk Posisi di Mahkamah Agung dan Kejaksaan RI bijaknya diisi oleh insan-insan sipil yang berkualitas, jangan dari TNI/POLISI. Alasannya adalah agar Pengawasan terhadap kinerja dapat diawasi maksimal bukan karena loyal terhadap atasan tapi loyal terhadap masyarakat.",ruu_tni perwira tni aktif jabat menteri lembaga ikut kantor koordinator bidang politik aman cocok menteri tahan masuk dewan tahan nasional cocok sekretariat militer presiden bawah menteri sekretariat negara cocok badan intelijen negara cocok badan siber sandi negara cocok lembaga tahan nasional cocok badan search rescue sar nasional cocok badan narkotika nasional cocok mahkamah agung kurang cocok badan nasional kelola batas bnpp cocok badan tanggulang bencana cocok badan tanggulang terorisme cocok badan aman laut cocok jaksa republik indonesia kurang cocok posisi mahkamah agung jaksa ri bijak isi insan insan sipil kualitas jangan tni polisi,positif
Ugy-fZ24oVGb06mCm4l4AaABAg,sg8Mzx0fZbU,"jaman pak harto cuntuh rakyat aman damai ,priman ga ada bigal juga aman yg takut uu TNI berarti calun penghianat bangsa kamprit",jaman harto cuntuh rakyat aman damai priman tidak bigal aman takut uu_tni arti calun penghianat bangsa kamprit,positif
UgwRrfj47ZOjsIvRooZ4AaABAg,F6fgLwUeeqI,"😂😂😂Kok gue ga percaya lo ngomong,, Exercise dulu bro biar loading lidahnya, kan biasa ngelawak ,,, jadi agak susah untuk serius😂😂😂😂😅😂😅😂😅",emo_laugh mengapa tidak percaya bicara exercise loading lidah biasa ngelawak susah serius emo_laugh emo_other emo_laugh emo_other emo_laugh emo_other,positif
UgzHPzxPBUeq9FKyJaJ4AaABAg,7CLZkPwhEG4,Setuju.. rakyat sebenarnya. Cuman butuh keamanan..salat tenang..begal berkurang..hidup aman.. kerja aman...,setuju rakyat cuman butuh aman salat tenang begal kurang hidup aman kerja aman,positif
Ugy-WsGrJlxsD87E2bZ4AaABAg,MxCqHoldj2Y,"Sangat setuju ,,kenapa demo,,dibayar ya sama yg takut ketahuhan belang nya , apa takut tidak bisa bermain di instansi terkait ,,,tni tidak di ragukan untuk urusan negara dan rakyat ,,",sangat setuju demo bayar takut ketahuhan belang takut tidak main instansi kait tni tidak ragu urus negara rakyat,positif
UgwZZ-LjFyjGecc0lF14AaABAg,7CLZkPwhEG4,Saya sangat setuju dengan ruu ini,sangat setuju ruu,positif
Ugw4do2szfbrrGtSbRN4AaABAg,KjXe214MfwQ,Kalau bunyi UUD TNInya untuk ngeringkus dan melenyapkan koruptur sih saya 100000000% SANGAT SETUJU,bunyi uud tninya ngeringkus lenyap koruptur sangat setuju,positif
Ugz1NbuN9y9FaPNUDMl4AaABAg,7CLZkPwhEG4,Saya sangat setuju.. biar tikus tikus kantor pada kapok,sangat setuju tikus tikus kantor kapok,positif
UgxqFY4GAe9-WZO9c6p4AaABAg,F6fgLwUeeqI,Sangat setuju untuk d rilis bang 🔥,sangat setuju rilis emo_pos,positif
Ugys46mwlz3dyH3A0MN4AaABAg,7CLZkPwhEG4,Klo tujuannya untuk bersih2 sya sih sngt setuju ya,tuju bersih bersih sangat setuju,positif
UgxK6nNqIVlxX1-0X_54AaABAg.AFqjNZo9jP1AFtrIpsJDkD,7CLZkPwhEG4,💯 sangat setuju 👍🏻,emo_other sangat setuju emo_other,positif
Ugx2nWXXq6NPjF-a9kt4AaABAg,7CLZkPwhEG4,"Sangat setuju,sah kn secepatnya,mmg politisi skrg gk bs di prcya",sangat setuju sah cepat memang politis tidak prcya,positif
UgzyiD2qJsbTN-AKwqN4AaABAg,KjXe214MfwQ,Udh bener bener sakit si ini( SRI LANKA ORDE BARU VERSI INDONESIA),sudah benar benar sakit sri lanka orde versi indonesia,positif
UgwQ8QLNlIOdJzlhWx94AaABAg,sg8Mzx0fZbU,"PASAL 7 ~dari 14 menjadi 16
- Membantu dalam upaya menanggulangi ancaman siber
- Membantu dalam melindungi dan menyelamatkan warga negara serta kepentingan nasional di luar negeri
PASAL 47 ~Dari 9 menjadi 14
- Kementerian koordinatior bidang politik dan keamanan
- Kementerian pertahanan, termasuk dewan pertahanan nasional
- Kesekretariatan negara yang menangani urusan Kesekretariatan presiden dan Kesekretariatan militer presiden
- Badan intelejen negara
- Badan siber dan/atau sandi negara
- Lembaga ketahanan nasional
- Badan search and rescue (SAR) nasional
- Badan narkotika nasional
- Mahkamah agung
- Badan nasional pengelola perbatasan (BNPP)
- Badan penanggulangan bencana
- Badan penanggulangan teroris
- Badan keamanan laut
- Kejaksaan republik indonesia (jaksa agung muda bidang tindak pidana militer)
PASAL 53 hanya menambah waktu usia pensiun anggota TNI.
SC CNN..",pasal bantu upaya tanggulang ancam siber bantu lindung selamat warga negara penting nasional luar negeri pasal menteri koordinatior bidang politik aman menteri tahan masuk dewan tahan nasional sekretariat negara tangan urus sekretariat presiden sekretariat militer presiden badan intelejen negara badan siber sandi negara lembaga tahan nasional badan search rescue sar nasional badan narkotika nasional mahkamah agung badan nasional kelola batas bnpp badan tanggulang bencana badan tanggulang teroris badan aman laut jaksa republik indonesia jaksa agung muda bidang tindak pidana militer pasal tambah waktu usia pensiun anggota tni sc cnn,positif
UgwhsWfgAJeHg1O4I9N4AaABAg,7CLZkPwhEG4,"Sya setuju tni di libatkn   , dengan begitu tni bisa  membantu keamanan  keseluruhan negara, ya karana dunia di ambang perang   ke 3 , dengan menyebaran nya  personil tni yg byk di aktifkan  ,  akan lebih aman dari ancMan dari negara lain",setuju tni libatkn tni bantu aman seluruh negara karana dunia ambang perang sebar personil tni aktif lebih aman ancman negara,positif
UgzZsqZ77_VYt1AxPlp4AaABAg,7CLZkPwhEG4,"Stabilitas keamanan kita
Berada di TNI...jadi kekuatan
Untuk ancaman Luar & dlm
Bila timbul maka TNN hrs kuat bersiap pengamanan negara.",stabilitas aman tni kuat ancam luar bila timbul tnn kuat siap aman negara,positif
Ugx_JJPauCoJt3kjx654AaABAg,sg8Mzx0fZbU,Udah bener gua gak coblos Prabowo 😆,sudah benar tidak coblos prabowo emo_laugh,positif
Ugw-CQAhjiy0vrNaVa54AaABAg,KjXe214MfwQ,Setuju UUD TNI terbaru negara aman,setuju uu_tni negara aman,positif
Ugzf-Q4PUEjQlGk53s54AaABAg,7CLZkPwhEG4,"tidak terlalu berdamak. lagipula kementrian yang di isi masih berurusan dengan pertahanan keamanan atau minimal SAR. hanya mahkamah agung saja yang agak laen. cuma yang di harapkan masyarakat saat ini adalah pengesahan RUU perampasan aset korupsi, bukan RUU TNI. menurut pendapat saya RUU TNI bukan sesuatu yang urgent. intinya bisa di sahkan nanti setelah pengesahan RUU tentang korupsi.

1. Kementerian Koordinator Bidang Politik dan Keamanan

2. Kementerian Pertahanan Negara, termasuk Dewan Pertahanan Nasional

3. Kesekretariatan Negara, menangani urusan kesekretariatan presiden dan sekretariat militer presiden

4. Badan Intelijen Negara (BIN)

5. Badan Siber dan/atau Sandi Negara

6. Lembaga Ketahanan Nasional

7. Badan Search and Rescue (SAR) Nasional

8. Badan Narkotika Nasional

9. Badan Nasional Pengelolaan Perbatasan

10. Badan Penanggulangan Bencana

11. Badan Penanggulangan Terorisme

12. Badan Keamanan Laut

13. Kejaksaan Republik Indonesia (Jaksa Agung Muda Bidang Tindak Pidana Militer)

14. Mahkamah Agung",tidak terlalu damak lagipula tri isi urus tahan aman minimal sar mahkamah agung laen harap masyarakat kesah ruu_perampasan_aset korupsi bukan ruu_tni bukan urgent inti sahkan kesah ruu korupsi menteri koordinator bidang politik aman menteri tahan negara masuk dewan tahan nasional sekretariat negara tangan urus sekretariat presiden sekretariat militer presiden badan intelijen negara badan siber sandi negara lembaga tahan nasional badan search rescue sar nasional badan narkotika nasional badan nasional kelola batas badan tanggulang bencana badan tanggulang terorisme badan aman laut jaksa republik indonesia jaksa agung muda bidang tindak pidana militer,positif
Ugw_i2x3KZulvvWiCGh4AaABAg,7CLZkPwhEG4,"sy pensiunan pns..sangat setuju dg dwi fungsi tni .ken tni akarnya dari rakyat,dan tni adalah tentara rakyat yg selalu membaur bersama rakyat..
tni lbh peduli thdp rakyat broo..",pensiun pns sangat setuju dwi fungsi tni ken tni akar rakyat tni tentara rakyat selalu baur rakyat tni lebih peduli rakyat,positif
UgwmIvZ3KJXVgotlYIt4AaABAg.AGAvGTMQNUUAGV0LA4azT_,7CLZkPwhEG4,Dikit2 nuduh asing terlibat. Apa ga tahu rakyat sudah bener2 MUAK.,sedikit sedikit nuduh asing libat tidak tahu rakyat sudah benar benar muak,positif
UgwrTvZlp-uPUGm93nh4AaABAg.AFt1vVlOxmrAFuPjsTjEuh,F6fgLwUeeqI,"Anjing, bener lagi.
Sory bro, gw udah bener2 kesel sama kondisi saat ini.",anjing benar sory sudah benar benar kesel kondisi,positif
Ugz1hJUKt76C1_N7Ks54AaABAg,KjXe214MfwQ,Udah bener gusdur bubarkan dpr,sudah benar gusdur bubarkan dpr,positif
UgzdJvVKyHtysOocJ2N4AaABAg,F6fgLwUeeqI,Gue dukung UU TNI. Intinya TNI jangan masuk legislatif. Semua 14 bidang kerja sudah sesuai dengan peran TNI yaitu pertahanan dan keamanan.,dukung uu_tni inti tni jangan masuk legislatif bidang kerja sudah sesuai peran tni tahan aman,positif
UgxOF7XYZ1BHpBW2G-B4AaABAg,sg8Mzx0fZbU,"Sangat setuju.
Tinggal uud hukuman mati sekeluarga klo tidak bisa dimiskinkan para koruptor.",sangat setuju tinggal uud hukum mati keluarga tidak miskin koruptor,positif
UgyNHCjmQdJf6k0YIMl4AaABAg,7CLZkPwhEG4,rakyat sangat setuju.biar gak ada lagi para koruptor yg mengeruk hak rakyat.biar dana bansos gak macet lagi😂😂,rakyat sangat setuju tidak koruptor keruk hak rakyat dana bansos tidak macet emo_laugh,positif
Ugw9x23uZl1GOfDMDdZ4AaABAg,7CLZkPwhEG4,Revisi UU TNI 😮sesungguhnya tidak berpengaruh terhadap kami rakyat Indonesia😮 kami rakyat Indonesia menginginkan kedamaian😮 ketenteraman😮 kesejahteraan😮 keamanan😮 keutuhan bangsa😮dalam NKRI😮,revisi uu_tni emo_other tidak pengaruh rakyat indonesia emo_other rakyat indonesia damai emo_other tenteram emo_other sejahtera emo_other aman emo_other utuh bangsa emo_other nkri emo_other,positif
UgyveS2HdaMwIwKPqfx4AaABAg,sg8Mzx0fZbU,"Itu Vladimir Putin bukannya militer ya ? Tapi jadi negara maju, super power pula, Chechnya dan masih banyak negara pemimpinnya militer yang jadi negara aman dan maju kok, terlalu lebay  banyakan nonton sinetron !!!",vladimir putin bukan militer negara maju super power chechnya negara pimpin militer negara aman maju mengapa terlalu lebay nonton sinetron,positif
UgxBVfuUyPVf-Rdpu8R4AaABAg,7CLZkPwhEG4,Saya setuju UU tni. Harusnya dari dulu. Biar negara maju,setuju uu_tni negara maju,positif
Ugwv3jNI21cSIiil1Wh4AaABAg,sg8Mzx0fZbU,"Tentara itu tugasnya menjaga keamanan negara biar aman negara dari gangguan luar dan dlam bukan ikut ikutan politik, negara konoha semakin ga jelas",tentara tugas jaga aman negara aman negara ganggu luar dlam bukan ikut ikut politik negara indonesia semakin tidak jelas,positif
Ugwa1C2kgBX6IDtRh7J4AaABAg,MxCqHoldj2Y,Rakyat udh bener bener tidak d perduli kan. Yg d minta ap Yg di sahkan kan ap. Lucu negara kita ini😂,rakyat sudah benar benar tidak peduli minta ap sahkan ap lucu negara emo_laugh,positif
Ugxb_CyBk02vB4wR5vN4AaABAg,F6fgLwUeeqI,"Aduh, gw tuh mau Indonesia Maju. Tapi gimana mau gerak maju, masalah sekarang aja Internal antara Pemerintah dan Rakyat. Orang mah kerja sama biar Indonesia dipandang baik sama negara lain, kerja sama terjalin, perlahan Indonesia jadi lebih baik... Aduhhh aduhh,..",aduh indonesia maju gerak maju masalah internal pemerintah rakyat kerja indonesia pandang baik negara kerja jalin perlahan indonesia lebih baik aduhh aduhh,positif
UgyfwuWxx96DWJ3lLEV4AaABAg,KjXe214MfwQ,Mosi tidak percaya terhadap pemerintah,mosi tidak percaya pemerintah,positif
UgySs0Rz9vExyHt_-554AaABAg,F6fgLwUeeqI,"Kayanya kelakuan pemerintah itu jadi sponsor utama Mens Rea dah... 
Beneran Fix..",kaya laku pemerintah sponsor utama mens rea sudah benar,positif
UgyucUWAhvh-i2WmoWh4AaABAg,sg8Mzx0fZbU,"Jaman Pak harto Aman2 aja, malag jarang preman2",jaman harto aman aman malag jarang preman preman,positif
UgyBrkEN-huW_tPGm7B4AaABAg,F6fgLwUeeqI,"41:22 bang Panjdi udah ngomong inggris berarti marahnya udah beneran marah banget sih ini.
semoga sehal selalu dan terus mengedukasi dan memberikan kami masyarakat sipil informasi-informasi sperti ini mas. 

Terima kasih banyak mas Pandji",panjdi sudah bicara inggris arti marah sudah benar marah banget selalu edukasi beri masyarakat sipil informasi informasi terima kasih pandji,positif
UgzkoI_JfjK_CHukxwp4AaABAg,7CLZkPwhEG4,"sangat setuju rakyat /masysrakat kembalikan  UU TNI DWIFUNGSI  ABRI  , UUD1945 dan GBHN",sangat setuju rakyat masysrakat uu_tni dwifungsi abri uud_1945 gbhn,positif
Ugyv-96RQHaQuLLN2q14AaABAg,7CLZkPwhEG4,"Terlalu berlebihan, tidak pengaruh kerakyatan kecil mah,rakyat kecilah aman damai,harga murah bansos lancar,,yang takut mah menengah keatas",terlalu lebih tidak pengaruh rakyat kecil rakyat keci aman damai harga murah bansos lancar takut tengah atas,positif
UgxSwzu6ZT4Hf0AmLrV4AaABAg,7CLZkPwhEG4,UU TNI bagus...krn NKRI memang sdg kacau...jadi peran TNI sangat dibutuhkan.Disamping itu...biaya pendidikan seorang TNI itu sangat mahal...jadi harus diberdayakan dgn baik.,uu_tni bagus nkri memang sedang kacau peran tni sangat butuh samping biaya didik tni sangat mahal daya baik,positif
Ugx2WxSbjTtWmpwR4yB4AaABAg,sg8Mzx0fZbU,"tapi yang belanja lebaran skrg kayaknya aman2 yaa bang,. malah ampe over load tuh gudang2 kurir penjualan online,.",belanja lebaran kayak aman aman malah over load gudang gudang kurir jual online,positif
Ugx5V7oDT5egM5EC7dJ4AaABAg,7CLZkPwhEG4,"Revisi undang-undang TNI dapat memiliki beberapa dampak bagi warga biasa, tergantung pada isi revisi tersebut. Beberapa dampaknya bisa berupa:

Peningkatan Peran TNI dalam Kehidupan Sipil: Jika revisi tersebut memperluas peran TNI dalam bidang non-militer, seperti terlibat dalam penanganan bencana alam atau menjaga keamanan dalam negeri, warga biasa mungkin akan merasakan lebih banyak interaksi dengan TNI dalam kegiatan sehari-hari.

Pengaruh terhadap Hak Asasi Manusia (HAM): Jika revisi tersebut memberi TNI kewenangan yang lebih besar dalam pengawasan atau penegakan hukum, hal ini bisa berdampak pada kebebasan sipil dan hak asasi manusia, seperti potensi pelanggaran hak warga.

Keamanan dalam Negeri: Dalam beberapa kasus, peningkatan peran TNI dalam menjaga ketertiban dalam negeri dapat meningkatkan rasa aman bagi masyarakat, tetapi jika tidak dikelola dengan hati-hati, bisa menyebabkan ketegangan sosial atau penyalahgunaan kekuasaan.

Pengaruh pada Struktur Pemerintahan Sipil: Revisi undang-undang ini bisa berdampak pada hubungan antara institusi sipil dan militer, yang mungkin mempengaruhi kebijakan pemerintahan yang lebih mengutamakan kepentingan militer daripada kebutuhan sipil.

Pembangunan Infrastruktur dan Pemberdayaan Daerah: Dalam beberapa revisi, TNI dapat lebih aktif dalam pembangunan infrastruktur di daerah terpencil, yang dapat menguntungkan warga biasa dengan meningkatkan fasilitas umum atau aksesibilitas.

Namun, dampak spesifik dari revisi ini akan sangat bergantung pada konten undang-undang yang sedang direvisi dan implementasinya di lapangan.",revisi undang undang tni milik beberapa dampak warga biasa gantung isi revisi sebut beberapa dampak upa tingkat peran tni hidup sipil revisi sebut luas peran tni bidang non militer libat tangan bencana alam jaga aman negeri warga biasa rasa lebih interaksi tni giat hari hari pengaruh hak asasi manusia ham revisi sebut beri tni wenang lebih besar awas tega hukum dampak bebas sipil hak asasi manusia potensi langgar hak warga aman negeri beberapa kasus tingkat peran tni jaga tertib negeri tingkat rasa aman masyarakat tidak kelola hati hati tegang sosial penyalahgunaan kekuasaan pengaruh struktur pemerintahan sipil revisi und,positif
Ugz-MDBZTfB9wOI6v894AaABAg,MxCqHoldj2Y,Udah bener itu.....!  Sipil jadi pemimpin  korupsiNya malah gila gilaan,sudah benar sipil pemimpin korupsi malah gila gila,positif
Ugxfhsim7fGFUwB95xt4AaABAg,sg8Mzx0fZbU,"Gua dapat infonya begini nyari2 di Google:

A. Penambahan Tugas Pokok TNI dalam Operasi Militer Selain Perang (OMSP): Pasal 7 RUU TNI menambahkan dua tugas baru dalam OMSP, sehingga totalnya menjadi 16 tugas. Dua tugas tambahan tersebut adalah:​
1. Membantu dalam upaya menanggulangi ancaman siber.​
2. Membantu dalam melindungi dan menyelamatkan warga negara serta kepentingan nasional di luar negeri.​

B. Penambahan Kementerian/Lembaga yang Dapat Diisi oleh Prajurit TNI Aktif: Revisi Pasal 47 meningkatkan jumlah kementerian/lembaga yang dapat diisi oleh prajurit TNI aktif dari sebelumnya 10 menjadi 14. Kementerian/lembaga tambahan tersebut meliputi:​
1. Badan Nasional Pengelola Perbatasan (BNPP).​
2. Badan Nasional Penanggulangan Bencana (BNPB).​
3. Badan Nasional Penanggulangan Terorisme (BNPT).​
4. Badan Keamanan Laut (Bakamla).​
5. Kejaksaan Republik Indonesia.​

Nomor 1 sampe 4 setau gua emang TNI dah, kecuali nomor 5 (kejaksaan). Misal nomor 4 (Badan Keamanan Laut) klo ada pembajak, ada kapal asing yang masuk wilayah Indonesia, bukannya yang counter itu TNI ya? sipil mana berani, Yang diprotes yang mana si?? aseli gua ga mudeng. 🙏🙏🙏🙏🙏

Kalau ada link video atau pembahasan ttg permasalahan RUU TNI boleh lah di share 🙏🙏🙏🙏

Update, udah dapet di channelnya Bang Pandji yang menjelaskan => https://www.youtube.com/watch?v=F6fgLwUeeqI",info nyari nyari google tambah tugas pokok tni operasi militer perang omsp pasal ruu_tni tambah tugas omsp total tugas tugas tambah sebut bantu upaya tanggulang ancam siber bantu lindung selamat warga negara penting nasional luar negeri tambah menteri lembaga isi prajurit tni aktif revisi pasal tingkat jumlah menteri lembaga isi prajurit tni aktif belum menteri lembaga tambah sebut liput badan nasional kelola batas bnpp badan nasional tanggulang bencana bnpb badan nasional tanggulang terorisme bnpt badan aman laut bakamla jaksa republik indonesia nomor tau memang tni sudah nomor jaksa misal nomor badan aman laut bajak kapal,positif
UgySXTeWgipRV98xn714AaABAg,7CLZkPwhEG4,Kalo liat poin tambahannya sih terlihat aman2 aja. Tapi prakteknya selalu beda. Ya begitulah di negara kita.,lihat poin tambah lihat aman aman praktek selalu beda negara,positif
Ugw29giYzH7upOAowJV4AaABAg,sg8Mzx0fZbU,"Selama roki garung masih bisa bangun di hari esok untuk kritik pedas ke Pemerintah, harusnya masih aman-aman aja😅",lama roki garung bangun hari esok kritik pedas pemerintah aman aman emo_other,positif
UgwURFctd86W70ovrgV4AaABAg,7CLZkPwhEG4,Sebagai rakyat biasa sangat mendukung UU TNI,rakyat biasa sangat dukung uu_tni,positif
UgwJCbiqS7OJTv7dteh4AaABAg,sg8Mzx0fZbU,"mau jadi Orba, mau militer, mau negara berubah jadi Komunis, kerajaan, khilafah... RAKYAT HANYA BUTUH DAMAI, AMAN DAN MAKMUR..!!10 tahun lagi harapan presiden skg.. klo masih gini2 aja mending bubar aja... negara bagian Masing2",orde militer negara ubah komunis raja khilafah rakyat butuh damai aman makmur tahun harap presiden mending bubar negara,positif
UgxPJ8aCHgCP2duG9JF4AaABAg,7CLZkPwhEG4,Saya sebagai rakyat Indonesia setuju dgn RUU TNI. Sebab tidak ada lagi yg bisa dipercaya selain TNI selalu dihati. Saya yakin Indonesia akan aman dgn TNI. Dibanding polisi . TNI tidak pernah melindungi  anak buahnya yg salah,rakyat indonesia setuju ruu_tni tidak percaya tni selalu hati yakin indonesia aman tni banding polisi tni tidak pernah lindung anak buah salah,positif
UgzNYtPUKQyJoX19my54AaABAg,7CLZkPwhEG4,Kami sebagai rakyat sipil setuju UU TNI.. kami mendukung..,rakyat sipil setuju uu_tni dukung,positif
UgypSJTbLqbom64nWdR4AaABAg,7CLZkPwhEG4,"Semoga Negara Kesatuan Republik Indonesia Selalu Aman,damai,Sejahtera,Bahagia,terhindar Dari Adanya Marabahya ,dan Selalu Berada Di Dalam Perlindungan Allah Subhanahuwataala,aamiiiiin",negara satu republik indonesia selalu aman damai sejahtera bahagia hindar marabahya selalu lindung allah subhanahuwataala aamiin,positif
UgyG6nSbvtJNrcadzd94AaABAg,KjXe214MfwQ,YG NOLAK KAN KADER KADER HTI…MUMPUNG SEKARANG SEHARUSNYA KITA SIKAT KE AKAR AKARNYA.. MEREKA DURI DALAM DAGING NKRI..PEMERINTAH HARUS GERAKKAN PETRUS SPT JAMAN ORDE BARU BIAR RAKYAT HIDUP TENANG AMAN DAN TENTERAM..,nolak kader kader hti mumpung sikat akar akar duri daging nkri pemerintah gerak petrus jaman orde rakyat hidup tenang aman tenteram,positif
Ugxr6ZHQWY54lZG5sDx4AaABAg,7CLZkPwhEG4,Sipil banyak korupsi nya....udah bener pake TNI,sipil korupsi sudah benar pakai tni,positif
UgxUIs13TZHfTwPI1xB4AaABAg,KjXe214MfwQ,"Kalau itu di sahkan, mereka akan menempati jabatan sipil. Mereka sudah dapat perkerjaan ditambah dengan pekerjaan lainnya. Gaji di atas gaji. Sementara kita masih banyak butuh pekerjaan. Tiba² mereka menduduki pekerjaan, sementara mereka sudah bekerja di pertahanan.
Tiba² kangen Sosok Gusdur",sahkan tempat jabatan sipil sudah kerja tambah kerja gaji atas gaji butuh kerja tiba tiba duduk kerja sudah kerja tahan tiba tiba kangen sosok gusdur,positif
Ugw43mAdwLcoP0rkDRZ4AaABAg,KjXe214MfwQ,"Hmm sebenarnya kalo pejabat yang menjabat nya BENER secara mental & akal sih aman2 aja, TAPIIII menurut pendapat ku sebagai anak seorang tentara ya, bahwa pejabat yg bener itu yaaa kaya Jenderal Sudirman lah standar nya, tapi menurut ku setelah beliau belum ada lagi yg serupa atau minimal mendekati pun belum",pejabat jabat benar mental akal aman aman ku anak tentara pejabat benar jenderal sudirman standar ku beliau belum rupa minimal dekat belum,positif
UgxI7iJMmdHP9f6QPGF4AaABAg,sg8Mzx0fZbU,"Kok ada ada penjelasan tentang UU TNI nya?
Apa bener UU TNI bakal jadi rezim militer? 
Malah ngasih contoh negara yang beneran rezim militer 

Gimana sih...",mengapa jelas uu_tni nyai benar uu_tni bakal pemerintah militer malah ngasih contoh negara benar pemerintah militer,positif
UgxDYwowtfB8NTwLqZV4AaABAg,7CLZkPwhEG4,"BAGUS DONG TNI DI LIBATKAN , KOLABORASI , SAYA SETUJU , BERSINERGI , KOMPAK, SOLID , NEGARA LEBIH AMAN , LEBIH KEPADA BERSIH , MANUSIAWI , BERWIBAWA❤❤❤❤ GBU ALL TNI & POLRI",bagus tni libat kolaborasi setuju sinergi kompak solid negara lebih aman lebih bersih manusiawi wibawa emo_pos gbu tni polri,positif
UgxFcAAUPA-_hjaU4bB4AaABAg,7CLZkPwhEG4,Terus maju demi kesejahteraan rakyat.... setuju dgn revisi UU TNI.... demokrasi sdh kebablasan... reformasi gagal,maju sejahtera rakyat setuju revisi uu_tni demokrasi sudah bablas reformasi gagal,positif
Ugx5ufMwT0R1nUqYT394AaABAg.AFnZEgNHGMRAFpGlbUMJWR,KjXe214MfwQ,Sebenarnya negara ini aman aman aja cuma ggr ada tikus tikus yang nylempet yang trus berkembang biak negara pelan2 mo ancur ggr mereka tu!,negara aman aman gara gara tikus tikus nylempet kembang biak negara pelan pelan hancur gara gara,positif
UgzZRawpzMDuU9Sus8l4AaABAg,7CLZkPwhEG4,saya setuju dengan UU TNI. insyaallah mereka lebih disiplin. sehingga membatasi kekuatan asing untuk masuk ke lembaga2 vital negara,setuju uu_tni insyaallah lebih disiplin batas kuat asing masuk lembaga lembaga vital negara,positif
Ugx3-kICO9qaMMQBlMF4AaABAg,sg8Mzx0fZbU,Dulu ketika prabowo oposisi selalu di teriakin orba2 ama pemuja rezim.... Ehhh Sekarang mereka yang kasih plulang balik ke orba 😂😅😂😅😂,prabowo oposisi selalu teriakin orde orde puja pemerintah kasih plulang balik orde emo_laugh emo_other emo_laugh emo_other emo_laugh,positif
Ugyj_h7kyDrU5DsPovB4AaABAg,7CLZkPwhEG4,"kalau untuk kebaikan negara menuju keamanan,berastas premanisme, dll apa salahnya",baik negara tuju aman berastas preman salah,positif
UgxqYE-WHVUxM9KJVaZ4AaABAg,7CLZkPwhEG4,Bagi rakyat yg penting ..negara aman damai...ekonomi baik2 saja dan rakyat tdk terimidasi ..,rakyat penting negara aman damai ekonomi baik baik rakyat tidak terimidasi,positif
UgxvwoufCdjf9KWgpUl4AaABAg,MxCqHoldj2Y,Saya mendukung UUD TNI. Jangan dengarin mahasewa pesanan otak asing kompungan kurang ajar perusak negara.,dukung uu_tni jangan dengarin mahasewa pesan otak asing kompungan kurang ajar usak negara,positif
UgwY8qvcSPNG1FQTP4x4AaABAg,sg8Mzx0fZbU,Indonesia harus segera mengadakan RUU TNI. Supaya aman damai seperti zaman orba,indonesia segera ruu_tni aman damai zaman orde,positif
UgyPlIqdeVfsmt1s3QJ4AaABAg,7CLZkPwhEG4,Berarti yg terganggu asn bukan rakyat.rakyat sih biasa aja.saya  dukung UUD tni,arti ganggu asn bukan rakyat rakyat biasa dukung uu_tni,positif
UgwSeARDDXMedx-jAzd4AaABAg,7CLZkPwhEG4,Terimakasih atas disahkan uu abri rakyat rindu orde baru aman tentram  tertib,terima kasih atas sah uu abri rakyat rindu orde aman tentram tertib,positif
UgyIEMLfhH31vBsXbLp4AaABAg.AG7WaAiczqvAG7dv1k3r2i,7CLZkPwhEG4,Setuju.. jaman orba rakyat aman sentosa..,setuju jaman orde rakyat aman sentosa,positif
